<?xml version="1.0" encoding="UTF-8"?>
<launch4jConfig>
  <dontWrapJar>false</dontWrapJar>
  <headerType>gui</headerType>
  <jar>C:\Users\josef\projects\CACTI\out\artifacts\CACTI_jar\CACTI.jar</jar>
  <outfile>C:\Users\josef\projects\CACTI\out\artifacts\Cacti-0_90_0.exe</outfile>
  <errTitle></errTitle>
  <cmdLine></cmdLine>
  <chdir>.</chdir>
  <priority>normal</priority>
  <downloadUrl>http://java.com/download</downloadUrl>
  <supportUrl></supportUrl>
  <stayAlive>false</stayAlive>
  <restartOnCrash>false</restartOnCrash>
  <manifest></manifest>
  <icon>C:\Users\josef\projects\CACTI\media\windows.iconset\cacti.ico</icon>
  <singleInstance>
    <mutexName>CACTI_0900</mutexName>
    <windowTitle></windowTitle>
  </singleInstance>
  <jre>
    <path></path>
    <bundledJre64Bit>false</bundledJre64Bit>
    <bundledJreAsFallback>false</bundledJreAsFallback>
    <minVersion>1.8.0</minVersion>
    <maxVersion></maxVersion>
    <jdkPreference>preferJre</jdkPreference>
    <runtimeBits>64/32</runtimeBits>
  </jre>
  <splash>
    <file>C:\Users\josef\projects\CACTI\media\splash.bmp</file>
    <waitForWindow>true</waitForWindow>
    <timeout>60</timeout>
    <timeoutErr>true</timeoutErr>
  </splash>
  <versionInfo>
    <fileVersion>0.90.0.0</fileVersion>
    <txtFileVersion>0.90.0</txtFileVersion>
    <fileDescription>The CASAA Application for Coding Treatment Interactions</fileDescription>
    <copyright>Copyright 2009</copyright>
    <productVersion>0.90.0.0</productVersion>
    <txtProductVersion>0.90.0</txtProductVersion>
    <productName>CACTI</productName>
    <companyName>Center on Alcoholism, Substance Abuse and Addictions at the University of New Mexico Albuquerque</companyName>
    <internalName>CACTI</internalName>
    <originalFilename>CACTI.exe</originalFilename>
  </versionInfo>
  <messages>
    <startupErr>An error occurred while starting the application.</startupErr>
    <bundledJreErr>This application was configured to use a bundled Java Runtime Environment but the runtime is missing or corrupted.</bundledJreErr>
    <jreVersionErr>The CACTI application requires a Java Runtime Environment</jreVersionErr>
    <launcherErr>The registry refers to a nonexistent Java Runtime Environment installation or the runtime is corrupted.</launcherErr>
    <instanceAlreadyExistsMsg>An application instance is already running.</instanceAlreadyExistsMsg>
  </messages>
</launch4jConfig>